Unnamed: 0,url,date,speech_id,sentence_id,label,sentence_text,Kodierung,Kommentar,Manually Checked
1,https://ec.europa.eu/commission/presscorner/detail/en/speech_07_513,2007-09-10,12948,36,,There are those who argue that globalisation has made the EU redundant ; that regional groupings in a global age are an anachronism .,888,,
2,https://ec.europa.eu/commission/presscorner/detail/en/speech_12_326,2012-05-04,11079,40,,Entrepreneurs need the tools to network better – and I 'm working on that .,0,,
3,https://ec.europa.eu/commission/presscorner/detail/en/speech_09_210,2009-05-01,11632,66,,Let 's keep it that way .,0,,
4,https://ec.europa.eu/commission/presscorner/detail/en/speech_09_82,2009-03-01,8005,23,,There really was regarding financial matters a great endorsement of the general lines of the High level group that I have established under the leadership of M. de Larosière regarding financial regulation and supervision .,0,,
5,https://ec.europa.eu/commission/presscorner/detail/en/speech_16_2428,2016-07-06,12512,3,,"We regret the decision taken by the British electorate on 23 June , but we must respect it .",0,,
6,https://ec.europa.eu/commission/presscorner/detail/en/speech_01_486,2001-10-25,10792,28,,The focus on children in humanitarian assistance is likely to be continued in 2002 .,0,,
7,https://ec.europa.eu/commission/presscorner/detail/en/speech_18_3831,2018-09-03,23602,43,,"Farming and food production needs to get smarter , cleaner , and greener – and fast .",0,,
8,https://ec.europa.eu/commission/presscorner/detail/en/speech_22_3311,2022-05-27,24968,35,,Thank you .,0,,
9,https://ec.europa.eu/commission/presscorner/detail/en/speech_06_182,2006-03-20,8928,61,,"Such challenges would comprise of governance , conflict , food security , trafficking and resource sharing , security , and religious fundamentalism .",0,,
10,https://ec.europa.eu/commission/presscorner/detail/en/speech_08_50,2008-01-30,28116,23,,"On the 18th of January 2008 , I announced that the Commission will launch a dialogue leading towards visa liberalization with Serbia .",0,,
11,https://ec.europa.eu/commission/presscorner/detail/en/speech_98_152,1998-07-06,11761,21,,It is also most appropriate and a great pleasure to be in Vienna at the start of the six - month Austrian Presidency of the European Union .,0,,
12,https://ec.europa.eu/commission/presscorner/detail/en/speech_94_61,1994-05-30,25854,30,,"This means that we have a crucial need , a vital need , for an energy vision which encompasses the whole of our continent .",0,,
13,https://ec.europa.eu/commission/presscorner/detail/en/speech_17_5898,2017-11-12,16120,7,,Now the time has come to live up to that commitment and put our pledges into practice .,0,,
14,https://ec.europa.eu/commission/presscorner/detail/en/speech_10_22,2010-02-09,28286,6,,It is one of our most important duties as politicians to ensure the protection of children 's rights .,0,,
15,https://ec.europa.eu/commission/presscorner/detail/en/speech_01_523,2001-11-01,1082,18,,"Indeed , one of my first initiatives on arriving at the Commission two years ago , was to put forward a package of anti-discrimination measures .",0,,
16,https://ec.europa.eu/commission/presscorner/detail/en/speech_22_6144,2022-10-12,11995,12,,"Finally , the College also made a series of Human Resources appointments .",0,,
17,https://ec.europa.eu/commission/presscorner/detail/en/speech_22_5916,2022-10-06,23514,41,,"And all this work is complemented by the European Commission 's Knowledge Centre for the Bioeconomy , led by our colleagues in the Joint Research Centre .",0,,
18,https://ec.europa.eu/commission/presscorner/detail/en/speech_92_52,1992-05-25,629,160,,Conclusions,0,,
19,https://ec.europa.eu/commission/presscorner/detail/en/speech_13_779,2013-10-04,15435,24,,It is important that your activities : complement the governmental track of the Eastern Partnership ; and provide specific input and recommendations to help us evaluate and promote the implementation and impact of the Partnership .,0,,
20,https://ec.europa.eu/commission/presscorner/detail/en/speech_03_588,2003-12-02,10427,26,,We see this also reflected in international competitiveness benchmarking .,0,,
21,https://ec.europa.eu/commission/presscorner/detail/en/speech_00_127,2000-04-10,10091,6,,"This region also needs to prepare for expansion , since it borders onto three candidate countries ( Hungary , Slovenia and Slovakia ) .",0,,
22,https://ec.europa.eu/commission/presscorner/detail/en/speech_95_106,1995-05-26,1600,57,,"But the WTO is a rules - based organisation , and it would be of no use either to China or to the organisation to engineer membership on false terms .",0,,
23,https://ec.europa.eu/commission/presscorner/detail/en/speech_23_3021,2023-06-01,28201,30,,A family member .,0,,
24,https://ec.europa.eu/commission/presscorner/detail/en/speech_91_128,1991-11-26,24441,58,,Any singling out of a particular subject - for instance agriculture - can not but be detrimental for the search of a satisfactory final package .,0,,
25,https://ec.europa.eu/commission/presscorner/detail/en/speech_16_5486,2016-04-05,61,36,,One way forward is to promote quality apprenticeships and traineeships as a stepping stone to quality employment .,0,,
26,https://ec.europa.eu/commission/presscorner/detail/en/speech_09_364,2009-09-07,7200,18,,These values are fundamental to overcome the crisis .,0,,
27,https://ec.europa.eu/commission/presscorner/detail/en/speech_12_790,2012-11-08,334,45,,The Commission has proposed six fields that are considered the most promising for new KICs and the creation of new businesses .,0,,
28,https://ec.europa.eu/commission/presscorner/detail/en/speech_12_218,2012-03-23,11194,47,,"If we do that , we can push this scientific transformation — and all see the benefit .",0,,
29,https://ec.europa.eu/commission/presscorner/detail/en/speech_19_7268,2019-09-26,11822,2,,"Throughout my mandate , I have been a great supporter of art festivals .",0,,
30,https://ec.europa.eu/commission/presscorner/detail/en/speech_95_156,1995-09-06,527,22,,"Furthermore , the Commission has prepared a Communication on gender issues in development .",0,,
31,https://ec.europa.eu/commission/presscorner/detail/en/speech_12_684,2012-10-04,9461,22,,"Last but not least , the region is also thought to be rich of minerals such as iron , zinc , copper , diamonds , gold and rare earths .",0,,
32,https://ec.europa.eu/commission/presscorner/detail/en/speech_13_595,2013-07-02,1302,57,,Just financing separate small - scale projects would not give the necessary leverage and coherence .,0,,
33,https://ec.europa.eu/commission/presscorner/detail/en/speech_15_7794,2015-11-19,16079,29,,"In politics , perception can often become reality , no matter how ill - founded those opinions might be .",0,,
34,https://ec.europa.eu/commission/presscorner/detail/en/speech_97_158,1997-07-11,4167,98,,"More room should be given to using financial engineering techniques not only to give greater support to those who need it most , but also to better mobilize synergies between public and private funding .",0,,
35,https://ec.europa.eu/commission/presscorner/detail/en/speech_17_87,2017-01-18,26560,17,,"I am confident that space will be found for the winterised UNHCR tents , financed by the European Union , to be set up as a temporary , humanitarian action .",0,,
36,https://ec.europa.eu/commission/presscorner/detail/en/speech_05_343,2005-06-10,2070,26,,"For me better regulation is about assessing whether legislation is necessary and where it is , ensuring that only high quality rules are adopted .",0,,
37,https://ec.europa.eu/commission/presscorner/detail/en/speech_01_434,2001-10-04,10391,85,,"The Commission has just issued a Green Paper on what rules there should be on how businesses conduct themselves when trading with consumers , and how these rules should be enforced .",0,,
38,https://ec.europa.eu/commission/presscorner/detail/en/speech_13_953,2013-11-21,15390,20,,The gross value of world exports in 2012 represented a quarter of the world GDP .,0,,
39,https://ec.europa.eu/commission/presscorner/detail/en/speech_21_3284,2021-06-29,25142,35,,I warmly congratulate EFORT for its 30 - year Anniversary .,0,,
40,https://ec.europa.eu/commission/presscorner/detail/en/speech_93_141,1993-11-29,9021,52,,LET ME TAKE THIS OPPORTUNITY TO MAKE CLEAR THAT THE COMMISSION HAS NEVER RECOMMENDED A GENERAL CUT IN WORKING HOURS AS A CURE FOR OUR PROBLEMS .,0,,
41,https://ec.europa.eu/commission/presscorner/detail/en/speech_08_120,2008-03-04,7991,46,,"We propose to strengthen the independence of national regulators and to give them , on an optional basis , the additional remedy of functional separation of incumbents ' networks and services to tackle persistent competition problems where needed .",0,,
42,https://ec.europa.eu/commission/presscorner/detail/en/speech_13_590,2013-07-01,24846,3,,This morning Croatians have woken up for the first time as citizens of the European Union – after a fantastic celebration last night !,0,,
43,https://ec.europa.eu/commission/presscorner/detail/en/speech_13_355,2013-04-23,26476,64,,So please give me your ideas .,0,,
44,https://ec.europa.eu/commission/presscorner/detail/en/speech_06_417,2006-06-26,7039,31,,Portugal is one of these .,0,,
45,https://ec.europa.eu/commission/presscorner/detail/en/speech_06_627,2006-10-25,2094,25,,The Commission hopes that they will facilitate a rapid vote in the European Parliament and the acceptance of the Common Position .,0,,
46,https://ec.europa.eu/commission/presscorner/detail/en/speech_90_4,1990-01-26,3887,30,,COMMENT POURRAIT -ON ENVISAGER DES ACTIONS COMMUNES A L'EXTÉRIEUR SI LA COMMUNAUTÉ N'ARRIVAIT PAS A ACHEVER CET ESPACE ÉCONOMIQUE UNI A L'INTÉRIEUR ?,0,,
47,https://ec.europa.eu/commission/presscorner/detail/en/speech_94_65,1994-06-08,654,40,,Europe and Japan are two superpowers with a strong cultural heritage .,0,,
48,https://ec.europa.eu/commission/presscorner/detail/en/speech_93_68,1993-06-04,24270,12,,"The common element in these diverse initiatives is the establishment of a structural relationship , based on partnership rather than traditional "" third country "" status .",0,,
49,https://ec.europa.eu/commission/presscorner/detail/en/speech_16_3203,2016-09-27,11756,37,,Thank you .,0,,
50,https://ec.europa.eu/commission/presscorner/detail/en/speech_18_4043,2018-11-12,12455,101,,That 's why the Commission launched the proposal for transparent and predictable working conditions .,0,,
51,https://ec.europa.eu/commission/presscorner/detail/en/speech_05_64,2005-02-02,2004,47,,"I plan to present , this spring , the Commission 's proposed strategy in the form of a Green Paper , that will be the basis for public consultation over the summer and form the input for a Communication on our final policy programme , planned for the autumn .",0,,
52,https://ec.europa.eu/commission/presscorner/detail/en/speech_02_125,2002-03-21,25988,97,,All of this has resulted in unrivalled economic growth and job creation .,0,,
53,https://ec.europa.eu/commission/presscorner/detail/en/speech_95_229,1995-11-01,23549,56,,"In terms of destinations they still favour those related to culture and history , notably interesting cities .",0,,
54,https://ec.europa.eu/commission/presscorner/detail/en/speech_18_6084,2018-10-09,27764,17,,"They are all currently being used to support projects to improve air quality , or the ecological restauration of mining sites and degraded land , modernization of energy system and energy efficiency projects , industrial parks , workers up and re-skilling , social centres for the youth and the ederly .",0,,
55,https://ec.europa.eu/commission/presscorner/detail/en/speech_22_5164,2022-08-28,28136,36,,"When Covid came , we were among Europe 's first responders , starting in the first weeks , and eventually mobilising over 22 billion euros , to support healthcare , from masks to ventilators , and to support small businesses and employees , helping them stay afloat .",0,,
56,https://ec.europa.eu/commission/presscorner/detail/en/speech_23_2253,2021-03-18,11846,35,,"An ageing society and high levels of debt are not conducive to high economic growth or to a normalisation in the level of interest rates , which points to continued headwinds for the banking sector 's profitability .",0,,
57,https://ec.europa.eu/commission/presscorner/detail/en/speech_12_611,2012-09-17,6862,56,,His task is to make sure that everyone respects the rules of the game and that no player or team enjoys an unfair advantage .,0,,
58,https://ec.europa.eu/commission/presscorner/detail/en/speech_10_514,2010-10-05,7223,1,,"SPEECH/10/514 José Manuel Durão Barroso President of the European Commission Opening remarks by President Barroso on the occasion of Open Days 2010 – European Week of Regions and Cities Video message Brussels , 4th October 2010 Ladies and gentlemen , Friends , I really wanted to take part in the 2010 Open Days as I have done in previous years .",0,,
59,https://ec.europa.eu/commission/presscorner/detail/en/speech_17_788,2017-03-28,14396,6,,This is possible only thanks to the ambitious and complex reform path undertaken by the Georgian government and by the Georgian people .,0,,
60,https://ec.europa.eu/commission/presscorner/detail/en/speech_20_2534,2020-12-24,14414,48,,I will now convene the College .,0,,
61,https://ec.europa.eu/commission/presscorner/detail/en/speech_07_492,2007-07-17,2044,113,,It is a real challenge to get everyone singing and acting from the same hymn sheet .,0,,
62,https://ec.europa.eu/commission/presscorner/detail/en/speech_09_255,2009-05-19,5019,41,,"The Commission is therefore exploring the possibility of launching a "" Clean ship "" initiative .",0,,
63,https://ec.europa.eu/commission/presscorner/detail/en/speech_21_4674,2021-09-10,13374,29,,"Earlier this week , we reacted in a cool and calm manner to the UK 's statement regarding the continuation of existing grace periods .",0,,
64,https://ec.europa.eu/commission/presscorner/detail/en/speech_97_69,1997-03-21,23016,123,,If effective measures could be agreed at EU level this would surely also help renewables to penetrate the market in those Member States where no specific measures have been introduced .,0,,
65,https://ec.europa.eu/commission/presscorner/detail/en/speech_12_592,2012-09-10,11171,18,,"Today , almost one billion people around the world actively use Facebook , to share photos , videos , and ideas .",0,,
66,https://ec.europa.eu/commission/presscorner/detail/en/speech_93_74,1993-06-15,25670,27,,"Indeed , I welcome their participation in preparations for this Conference and am pleased to see so many represented in Vienna today .",0,,
67,https://ec.europa.eu/commission/presscorner/detail/en/speech_09_273,2009-05-27,7735,62,,Going beyond what M De Larosiere had envisaged we are now proposing in this communication the creation of a coordinating or steering group among the three Authorities .,0,,
68,https://ec.europa.eu/commission/presscorner/detail/en/speech_01_367,2001-09-05,13157,100,,And we give strong financial support to their implementation .,0,,
69,https://ec.europa.eu/commission/presscorner/detail/en/speech_02_477,2002-10-14,10423,63,,"To conclude , the Action Plan is not revolutionary .",0,,
70,https://ec.europa.eu/commission/presscorner/detail/en/speech_15_4584,2015-03-09,2646,33,,No fewer than ten euro area countries received recommendations in this field last year – as well as the euro area as a whole – in particular concerning professional services and retail .,0,,
71,https://ec.europa.eu/commission/presscorner/detail/en/speech_19_7101,2019-05-17,23964,22,,"For example , the water management sector is the most investment - heavy environmental sector in the Cohesion Policy .",0,,
72,https://ec.europa.eu/commission/presscorner/detail/en/speech_09_580,2009-12-11,7265,3,,Tack s å mycket Fredrik !!!,0,,
73,https://ec.europa.eu/commission/presscorner/detail/en/speech_17_6017,2017-12-13,699,7,,"So with this in mind , what has been achieved today ?",0,,
74,https://ec.europa.eu/commission/presscorner/detail/en/speech_23_1528,2023-03-07,606,117,,"Let us therefore join forces for the climate , for our economies and to end our dangerous dependencies .",0,,
75,https://ec.europa.eu/commission/presscorner/detail/en/speech_11_276,2011-04-14,11545,39,,"This is somewhat lower than the comparable figure for the US , which would include states and local governments .",0,,
76,https://ec.europa.eu/commission/presscorner/detail/en/speech_07_499,2007-09-03,12919,9,,Mandelson offers his assessment of the recent debate on anti-dumping duties on energy - saving light bulbs as an example of the complex problems thrown up by globalisation in Europe .,0,,
77,https://ec.europa.eu/commission/presscorner/detail/en/speech_03_527,2003-11-10,1115,37,,The ESF is also the only fund to have the individual as its main focus and objective .,0,,
78,https://ec.europa.eu/commission/presscorner/detail/en/speech_89_27,1989-04-10,587,8,,"With respect to economic systems this means those based on personal initiative , incentives , rewards and private property .",0,,
79,https://ec.europa.eu/commission/presscorner/detail/en/speech_95_246,1995-11-16,5256,20,,Europe is becoming more open to the outside world and less keen to overregulate at home .,0,,
80,https://ec.europa.eu/commission/presscorner/detail/en/speech_00_369,2000-10-11,27426,119,,We have concluded a Free Trade and Political Agreement with Mexico and seek similar agreements elsewhere in Latin America .,0,,
81,https://ec.europa.eu/commission/presscorner/detail/en/speech_03_560,2003-11-21,8961,16,,"Throughout Europe , there is a general consensus that improving energy efficiency is an essential part of energy supply policies .",0,,
82,https://ec.europa.eu/commission/presscorner/detail/en/speech_16_3327,2016-10-05,27763,51,,This would mean a long term vision and predictability for all stakeholders .,0,,
83,https://ec.europa.eu/commission/presscorner/detail/en/speech_10_616,2010-11-04,11119,73,,ConclusionIt is a digital society that enables a full - functioning ICT - based economy .,0,,
84,https://ec.europa.eu/commission/presscorner/detail/en/speech_16_1283,2016-04-06,25535,6,,"Energy security , solidarity and trust constitute a key dimension of our framework strategy of 25 February 2015 .",0,,
85,https://ec.europa.eu/commission/presscorner/detail/en/speech_00_311,2000-09-15,9696,57,,"We have assessed them in a number of well known cases in the past , such as Bertelsmann / Kirch .",0,,
86,https://ec.europa.eu/commission/presscorner/detail/en/speech_03_187,2003-04-09,5527,69,,The prospect of enlargement gave direction to the reform process in central and eastern Europe .,0,,
87,https://ec.europa.eu/commission/presscorner/detail/en/speech_17_5504,2017-06-19,2592,46,,"For some , there might be sufficient evidence to warrant conviction and imprisonment .",0,,
88,https://ec.europa.eu/commission/presscorner/detail/en/speech_05_16,2005-01-14,7044,31,,"In this context , countries such as Australia , Canada , and only a short time ago the USA , have all been developing ocean integrated policies in recent years .",0,,
89,https://ec.europa.eu/commission/presscorner/detail/en/speech_17_5957,2017-11-24,5879,47,,Also in the contact with others .,0,,
90,https://ec.europa.eu/commission/presscorner/detail/en/speech_95_274,1995-12-07,28583,155,,"In other cases , recourse to the Court is not always necessary , as changes are introduced when the Commission points out the level playing field implications of national measures .",0,,
91,https://ec.europa.eu/commission/presscorner/detail/en/speech_01_105,2001-03-07,8946,33,,We can not ignore the EU 's growing dependence on imports .,0,,
92,https://ec.europa.eu/commission/presscorner/detail/en/speech_97_5,1997-01-15,23539,22,,"Guides and Factsheets are also available on the Internet , where Citizens First has a World Wide Web site on the Europa server ( http://citizens.eu.int).",0,,
93,https://ec.europa.eu/commission/presscorner/detail/en/speech_23_3783,2023-07-08,779,56,,They will have a competitive advantage as demand for deforestation - free products is growing .,0,,
94,https://ec.europa.eu/commission/presscorner/detail/en/speech_21_61,2021-01-11,25134,23,,We have spoken a lot about the links between biodiversity loss and COVID .,0,,
95,https://ec.europa.eu/commission/presscorner/detail/en/speech_22_8177,2022-06-21,8149,54,,But we know that public money will not be enough .,0,,
96,https://ec.europa.eu/commission/presscorner/detail/en/speech_04_244,2004-05-12,4446,12,,"A project on a scale this size never could be , and I know that dairy farmers here in particular , are concerned about competition from lower - cost producers in the new countries .",0,,
97,https://ec.europa.eu/commission/presscorner/detail/en/speech_18_3895,2018-09-21,1620,51,,"We proposed an InvestEU fund , which would use 15 billion euros from the European budget to support 650 billion euros of investment .",0,,
98,https://ec.europa.eu/commission/presscorner/detail/en/speech_23_5482,2023-11-01,12164,18,,"Third , we need strong international governance on AI : the wider we can align and collaborate , the more effective we can be .",0,,
99,https://ec.europa.eu/commission/presscorner/detail/en/speech_20_2620,2020-02-27,23833,21,,"This is a symbol of our rock hard commitment to you , our partners in the Sahel .",0,,
100,https://ec.europa.eu/commission/presscorner/detail/en/speech_05_268,2005-05-04,9635,4,,"The EU also has contributed to the discussion actively : I also remind you that the EU has given up its own method for the calculation of AVEs , which was based on the IDB import value filtered only by TRQs .",0,,
101,https://ec.europa.eu/commission/presscorner/detail/en/speech_95_27,1995-03-09,24443,91,,"Access to the open spaces of the hills and mountains is essentially a public good , with the benefits frequently not accruing to those who bear the costs of access provision .",0,,
102,https://ec.europa.eu/commission/presscorner/detail/en/speech_02_220,2002-05-22,25876,51,,"Coordination must be continuous , not limited to exceptional circumstances , and it must cover both fiscal and structural aspects .",0,,
103,https://ec.europa.eu/commission/presscorner/detail/en/speech_96_59,1996-03-04,24013,117,,"The 1995 Community wine harvest , provisionally estimated at 150 million hl is around this level for the third year running , considerably less than it was in 1992 or even in 1993 , when the harvest was relatively modest .",0,,
104,https://ec.europa.eu/commission/presscorner/detail/en/speech_08_56,2008-02-05,9690,101,,"This is why I have proposed an increase in the rate of compulsory modulation , to start from 2009 .",0,,
105,https://ec.europa.eu/commission/presscorner/detail/en/speech_22_3229,2022-05-20,23986,45,,The post - pandemic recovery has not been easy but we are determined .,0,,
106,https://ec.europa.eu/commission/presscorner/detail/en/speech_10_147,2010-04-08,28303,54,,"Yesterday , the European Commission also issued a new Communication on the social and economic integration of Roma in Europe .",0,,
107,https://ec.europa.eu/commission/presscorner/detail/en/speech_03_137,2003-03-17,27319,49,,Thank you Chairman .,0,,
108,https://ec.europa.eu/commission/presscorner/detail/en/speech_11_539,2011-07-19,28280,96,,The current situation does n't help traders and consumers take advantage of the huge benefits of Europe 's single market .,0,,
109,https://ec.europa.eu/commission/presscorner/detail/en/speech_12_567,2012-07-19,1693,63,,"We need to support business training for women to make sure that talented entrepreneurs are given a chance , that women 's economic empowerment is a core part of what we do .",0,,
110,https://ec.europa.eu/commission/presscorner/detail/en/speech_21_7954,2021-11-12,24045,95,,"We need to give industry a stable and predictable environment so they can make long term business decisions , based on trust .",0,,
111,https://ec.europa.eu/commission/presscorner/detail/en/speech_13_182,2013-03-04,24814,16,,Youth unemployment in the European Union is more than twice as high as the rate for workers in general in most Member States and has significantly increased over the last four years .,0,,
112,https://ec.europa.eu/commission/presscorner/detail/en/speech_19_7179,2019-06-24,16125,48,,"For this potential to be realised , the final National Energy and Climate Plans will have to be solid , robust , detailed and credible .",0,,
113,https://ec.europa.eu/commission/presscorner/detail/en/speech_02_302,2002-06-25,10424,11,,Due to fostering the development of new technology suppliers and innovation specialists .,0,,
114,https://ec.europa.eu/commission/presscorner/detail/en/speech_89_52,1989-07-17,25310,1,,"BY SIR LEAN BRITTAN TO THE ENGLISH SPEAKING UNION , LOUVAIN , 17 JULY 1989 : EUROPE'S CULTURE - VIVE LA DIFFERENCE",0,,
115,https://ec.europa.eu/commission/presscorner/detail/en/speech_07_627,2007-10-15,6946,97,,"The Eurogroup , where euro area finance ministers meet every month , is already beginning to develop a common understanding on a number of policy issues , including fiscal policy , and awareness is growing of the specific economic challenges that face the euro area .",0,,
116,https://ec.europa.eu/commission/presscorner/detail/en/speech_04_71,2004-02-12,10541,63,,We need to develop context - aware summarising tools to mine huge volumes of contradictory data in natural language .,0,,
117,https://ec.europa.eu/commission/presscorner/detail/en/speech_08_191,2008-04-11,7924,80,,"Already , last year , Turkey showed the world the strength and maturity of its democracy .",0,,
118,https://ec.europa.eu/commission/presscorner/detail/en/speech_97_135,1997-06-09,24760,103,,"In conclusion , let me repeat something that is worth saying again and again .",0,,
119,https://ec.europa.eu/commission/presscorner/detail/en/speech_03_27,2003-01-23,14850,36,,But the transition towards the new enlarged Europe can start from today .,0,,
120,https://ec.europa.eu/commission/presscorner/detail/en/speech_22_3120,2022-05-16,12386,25,,"And again , to assure you that the European Union is here to help .",0,,
121,https://ec.europa.eu/commission/presscorner/detail/en/speech_14_2149,2014-12-11,27207,45,,"Building trust and confidence in the online world , for example , is a top priority .",0,,
122,https://ec.europa.eu/commission/presscorner/detail/en/speech_16_3622,2016-11-08,14587,52,,Further work according to the preliminary work plan agreed by the College would bring energy consumption savings by 2030 equal to one year 's primary energy consumption of Sweden .,0,,
123,https://ec.europa.eu/commission/presscorner/detail/en/speech_03_232,2003-05-07,10565,83,,SMEs,0,,
124,https://ec.europa.eu/commission/presscorner/detail/en/speech_00_197,2000-06-05,1057,24,,"It will urge them , where they have not yet done so , to ratify the ILO 's Worst Forms of Child Labour Convention , No. 182 .",0,,
125,https://ec.europa.eu/commission/presscorner/detail/en/speech_14_714,2014-10-23,14381,40,,"They have gone through extremely difficult circumstances but , in fact , they have seen their efforts recognised .",0,,
126,https://ec.europa.eu/commission/presscorner/detail/en/speech_23_3453,2023-06-22,8370,23,,So financial providers would offer a wide range of different products and services .,0,,
127,https://ec.europa.eu/commission/presscorner/detail/en/speech_13_839,2013-10-19,15804,16,,"Furthermore , we are supporting peace and ethnic reconciliation .",0,,
128,https://ec.europa.eu/commission/presscorner/detail/en/speech_18_3637,2018-05-15,25948,32,,"Who most often are our mothers , sisters , daughters .",0,,
129,https://ec.europa.eu/commission/presscorner/detail/en/speech_04_161,2004-03-29,4413,19,,I hope that we will be able to deliver until summer what we failed to deliver in Cancun : a framework for the modalities .,0,,
130,https://ec.europa.eu/commission/presscorner/detail/en/speech_10_83,2010-03-09,8071,33,,"First , the objective is to address large - scale infringements of intellectual property rights which have a significant commercial impact .",0,,
131,https://ec.europa.eu/commission/presscorner/detail/en/speech_08_145,2008-03-13,9577,108,,I 'm coming to the end of what I wanted to say .,0,,
132,https://ec.europa.eu/commission/presscorner/detail/en/speech_00_274,2000-07-18,11731,82,,I believe that it is important to address all these factors - and not only the potential risk and benefits for human health - in the risk analysis process for foods derived from GMOs .,0,,
133,https://ec.europa.eu/commission/presscorner/detail/en/speech_23_4012,2023-07-26,478,34,,"We must support them to improve their productivity in a sustainable manner – for example , by encouraging mixed farming systems that combine livestock and crop production to achieve greater resilience through closed nutrient cycles .",0,,
134,https://ec.europa.eu/commission/presscorner/detail/en/speech_15_6896,2015-07-01,22841,11,,But addressing climate change is not only about saving our planet .,0,,
135,https://ec.europa.eu/commission/presscorner/detail/en/speech_04_227,2004-05-06,14812,12,,"Its issue of 12 February this year had a cover story under the title : "" China 's love affair with Europe "" .",0,,
136,https://ec.europa.eu/commission/presscorner/detail/en/speech_95_278,1995-12-11,24521,162,,"If we have barriers to entrepreneurship , let 's remove them .",0,,
137,https://ec.europa.eu/commission/presscorner/detail/en/speech_90_35,1990-05-04,25350,53,,A further key implication of the development of the stronger Europe is our responsibility for the world trading system .,0,,
138,https://ec.europa.eu/commission/presscorner/detail/en/speech_13_450,2013-05-23,26461,52,,"Third , public funding can also help open data .",0,,
139,https://ec.europa.eu/commission/presscorner/detail/en/speech_21_7760,2021-09-14,12352,10,,"I am looking forward to hearing the President of the Robert Koch Institute and member of the Global Leaders Group on AMR , Professor Doctor Lothar Wieler , give us his perspective on the role of TATFAR in his keynote address this afternoon .",0,,
140,https://ec.europa.eu/commission/presscorner/detail/en/speech_23_224,2023-01-14,26748,13,,Reduction of energy consumption is an essential element for us to get where we need to be .,0,,
141,https://ec.europa.eu/commission/presscorner/detail/en/speech_13_428,2013-05-16,15858,11,,We should all welcome that .,0,,
142,https://ec.europa.eu/commission/presscorner/detail/en/speech_11_98,2011-02-10,5703,58,,"Beyond the public sector , there is a need to create a European market for energy efficiency .",0,,
143,https://ec.europa.eu/commission/presscorner/detail/en/speech_13_92,2013-02-01,26425,13,,And they can help EU governments spend taxpayers ' money more wisely and more effectively at a time when most public budgets need to be consolidated – including in all probability the EU budget .,0,,
144,https://ec.europa.eu/commission/presscorner/detail/en/speech_09_1,2009-01-08,11286,27,,Many people already compare the current situation to the great depression of the 1930s .,0,,
145,https://ec.europa.eu/commission/presscorner/detail/en/speech_88_91,1988-11-14,24425,139,,THE PUNTA DEL ESTE CONTRACT WAS DRAFTED WITH GREAT CARE AND WITH GREAT DIFFICULTY .,0,,
146,https://ec.europa.eu/commission/presscorner/detail/en/speech_22_2424,2022-04-11,28178,18,,"All expenditure for such operations will be retroactively eligible from the date of the Russian invasion , enabling immediate mobilization of support , avoiding unnecessary bureaucracy .",0,,
147,https://ec.europa.eu/commission/presscorner/detail/en/speech_16_4770,2016-03-18,264,32,,"Premature mortality due to cardiovascular disease , cancer or chronic respiratory diseases between the ages of 50 and 65 contributes to a loss of 2.9 million productive life years .",0,,
148,https://ec.europa.eu/commission/presscorner/detail/en/speech_11_477,2011-06-24,8093,74,,This is why I believe so deeply that our Association Agreement comes at a critical juncture and may allow our two regions to make a leap forward to address this major threat .,0,,
149,https://ec.europa.eu/commission/presscorner/detail/en/speech_21_1361,2021-03-24,25140,30,,And they want to be the drivers of this change .,0,,
150,https://ec.europa.eu/commission/presscorner/detail/en/speech_12_53,2012-02-02,15059,37,,This is not always easy .,0,,
151,https://ec.europa.eu/commission/presscorner/detail/en/speech_95_118,1995-06-12,24548,26,,When you look at the figures on Europe 's economic performance you will discover that there was not a rapid fall in world demand for European goods and services .,0,,
152,https://ec.europa.eu/commission/presscorner/detail/en/speech_02_463,2002-10-09,14755,34,,Direct foreign investment is flooding in : this proves that the markets have confidence .,0,,
153,https://ec.europa.eu/commission/presscorner/detail/en/speech_03_261,2003-05-22,28242,66,,The learning process as such should be the focus of the research .,0,,
154,https://ec.europa.eu/commission/presscorner/detail/en/speech_18_5741,2018-09-11,25469,14,,"And I would like once again to pay tribute to the courage and leadership of Prime Ministers Tsipras and Zaev , who have acted in a spirit of openness and compromise in order to break a long - standing deadlock that served the interests of neither country .",0,,
155,https://ec.europa.eu/commission/presscorner/detail/en/speech_03_559,2003-11-20,9007,60,,Key messages for a successful roadmap to hydrogen Working in partnership with the industry,0,,
156,https://ec.europa.eu/commission/presscorner/detail/en/speech_11_511,2011-07-07,15067,15,,"Ukraine , Moldova , Belarus and South Caucasus countries already account for EU exports worth 25 billion euro per year .",0,,
157,https://ec.europa.eu/commission/presscorner/detail/en/speech_23_2689,2023-05-10,2851,19,,"We welcome your involvement in the EU Network of Youth Cancer Survivors , where you share your expertise with young survivors .",0,,
158,https://ec.europa.eu/commission/presscorner/detail/en/speech_94_110,1994-10-06,6358,65,,We have already heard mention of some of the existing efforts to facilitate trade and investment through the programmes of economic cooperation .,0,,
159,https://ec.europa.eu/commission/presscorner/detail/en/speech_19_181,2019-01-07,8566,62,,Supervision is stronger .,0,,
160,https://ec.europa.eu/commission/presscorner/detail/en/speech_14_164,2014-02-27,26132,43,,"First , by giving the telecoms sector the single market boost .",0,,
161,https://ec.europa.eu/commission/presscorner/detail/en/speech_05_271,2005-05-05,10758,29,,"Take the example of European Security and Defence Policy : is it the interest of our countries to stay out of such a major development or , on the contrary , to join the efforts and thus increase the overall weight of Europe and their own ?",0,,
162,https://ec.europa.eu/commission/presscorner/detail/en/speech_12_738,2012-10-18,11078,76,,"Because such financial instruments ensure the most value , and the most coverage , across Europe .",0,,
163,https://ec.europa.eu/commission/presscorner/detail/en/speech_06_256,2006-04-25,15128,93,,"In fact , the Treaty makes it clear that the EU is “ neutral ” in the discussion on private versus state ownership .",0,,
164,https://ec.europa.eu/commission/presscorner/detail/en/speech_18_4161,2018-12-18,23161,22,,"This will help improve preparedness and management , and strengthen investigation and reporting of food - borne outbreaks or contamination .",0,,
165,https://ec.europa.eu/commission/presscorner/detail/en/speech_17_4765,2017-11-20,24346,5,,Because this is a conference on the future of the EU .,0,,
166,https://ec.europa.eu/commission/presscorner/detail/en/speech_96_230,1996-10-01,1822,11,,"All the more , there is reason for an economically powerful and also a politically integrated Europe which can consolidate its position on the world stage .",0,,
167,https://ec.europa.eu/commission/presscorner/detail/en/speech_97_139,1997-06-19,13453,68,,"Indeed , we find ourselves spending money over and over again .",0,,
168,https://ec.europa.eu/commission/presscorner/detail/en/speech_19_5989,2019-10-02,24944,77,,"If someone is imposing tariffs on our aviation sector , we will do exactly the same – exactly the same .",0,,
169,https://ec.europa.eu/commission/presscorner/detail/en/speech_07_581,2007-10-01,865,78,,"To - date , the Commission has favoured the development of the Internal Energy Market through structured , but largely informal collaboration .",0,,
170,https://ec.europa.eu/commission/presscorner/detail/en/speech_94_112,1994-10-11,24555,29,,"The members chosen would have to have sound judgment and excellent qualifications while at the same time being able , because of their jobs and their experience of communication and European affairs , reliably to relay the concerns of users .",0,,
171,https://ec.europa.eu/commission/presscorner/detail/en/speech_23_1546,2023-03-08,25186,18,,"It is a story that involves dozens of European small businesses , research institutes , and industrial champions .",0,,
172,https://ec.europa.eu/commission/presscorner/detail/en/speech_18_4525,2018-07-13,13366,12,,"In addition , we presented other proposals tabled in the context of the new MFF , namely , the Reform Support Programme to provide greater financial and technical incentives for reforms at national level .",0,,
173,https://ec.europa.eu/commission/presscorner/detail/en/speech_02_448,2002-10-02,1088,8,,"Acts of senseless and depraved violence which cost the lives of millions of women , men and children each year , and leave millions more injured and with permanent disabilities .",0,,
174,https://ec.europa.eu/commission/presscorner/detail/en/speech_13_847,2013-10-23,24837,61,,And I will tell this tomorrow to the European Council .,0,,
175,https://ec.europa.eu/commission/presscorner/detail/en/speech_91_10,1991-01-29,649,1,,"Chairman , High Commissioner , Members of the European Parliament , Ambassadors , Ladies and Gentlemen May I first of all thank you for your invitation to speak on "" Community Refugee policy and the developing countries "" .",0,,
176,https://ec.europa.eu/commission/presscorner/detail/en/speech_05_331,2005-06-07,11391,15,,The other guiding principle behind our reform ideas is equity .,0,,
177,https://ec.europa.eu/commission/presscorner/detail/en/speech_22_2079,2022-03-25,8560,93,,The need to use the in - built flexibility of our rules while continuing to preserve the level playing field in the single market have been central to our State aid work since the start of the pandemic .,0,,
178,https://ec.europa.eu/commission/presscorner/detail/en/speech_99_82,1999-05-20,4715,10,,"It is as if our worst nightmares , those terror stories we had heard from our elders by the fireplace , had all of a sudden sprung back to life .",0,,
179,https://ec.europa.eu/commission/presscorner/detail/en/speech_94_82,1994-07-21,3567,94,,Our main task will be to help our neighbours prepare in some cases for full membership and in others for a model form of partnership .,0,,
180,https://ec.europa.eu/commission/presscorner/detail/en/speech_07_170,2007-03-21,11579,53,,The choice of the key personnel in charge of these activities will be an important element .,0,,
181,https://ec.europa.eu/commission/presscorner/detail/en/speech_22_3366,2022-05-30,3184,39,,"Your extensive experience here , could serve , and will serve , as inspiration to others across Europe .",0,,
182,https://ec.europa.eu/commission/presscorner/detail/en/speech_13_682,2013-09-09,15543,57,,Some countries – and one of them is Lithuania - now have special leadership academies or training programmes .,0,,
183,https://ec.europa.eu/commission/presscorner/detail/en/speech_06_196,2006-03-24,12926,31,,"The slow but steady work of real integration in our services markets will ask as much of us as the negotiations themselves , both in time and commitment .",0,,
184,https://ec.europa.eu/commission/presscorner/detail/en/speech_22_7975,2022-01-26,2847,71,,"Let 's make the most of this conference , and use the time wisely , deepening our vision of a “ Space for the Planet ” .",0,,
185,https://ec.europa.eu/commission/presscorner/detail/en/speech_21_7737,2021-07-28,27597,14,,"When the EU Farm to Fork Strategy was announced , as the world 's biggest agri-food exporter and third biggest importer , the Commission was of course fully aware that the sustainability of the EU food system can not be solved by domestic policy alone .",0,,
186,https://ec.europa.eu/commission/presscorner/detail/en/speech_99_211,1999-12-14,11412,14,,"At the top levels , the College set itself the objective of ensuring that there should be at least one Director General or equivalent from each nationality , and the College also adopted arrangements for Directors which will mean that the numbers from each nationality are regularly identified so that consideration can be given to maintaining geographical balance when the need arises .",0,,
187,https://ec.europa.eu/commission/presscorner/detail/en/speech_22_5995,2022-10-07,12193,35,,"In conclusion , truly circular and sustainable bioeconomy is a critical tool to support the objectives of the green transition .",0,,
188,https://ec.europa.eu/commission/presscorner/detail/en/speech_03_110,2003-03-05,10009,46,,"This instrument is part of an interinstitutional agreement , between Parliament , Council and Commission .",0,,
189,https://ec.europa.eu/commission/presscorner/detail/en/speech_95_64,1995-04-10,120,68,,Future trade and cooperation agreements should also contain specific provisions to combat illicit trade .,0,,
190,https://ec.europa.eu/commission/presscorner/detail/en/speech_23_1959,2023-01-19,2493,49,,"To gather knowledge , and promote cooperation .",0,,
191,https://ec.europa.eu/commission/presscorner/detail/en/speech_11_576,2011-09-15,8688,26,,"And if the monetary union can only survive at the cost of greater polarization and asymmetry in the wage structure , what are the social and economic implications ?",0,,
192,https://ec.europa.eu/commission/presscorner/detail/en/speech_19_7254,2019-09-18,13720,61,,"I will also increase the EU 's potential to promote and protect rights in the European Union and the European values by encouraging the engagement of all citizens in all aspects of their lives , enabling them to participate in the construction and consolidation of an ever closer Europe and Union .",0,,
193,https://ec.europa.eu/commission/presscorner/detail/en/speech_00_410,2000-10-30,4842,22,,This is partly a consequence of the obligation for operators to stop cross-subsidising local tariffs .,0,,
194,https://ec.europa.eu/commission/presscorner/detail/en/speech_08_287,2008-05-29,11648,33,,"But in tackling crime and corruption , covering up the facts is a dangerous tactic .",0,,
195,https://ec.europa.eu/commission/presscorner/detail/en/speech_97_54,1997-03-07,5740,43,,But we should not lose sight of our common objective : to create the conditions for Romania 's successful integration into the European Union .,0,,
196,https://ec.europa.eu/commission/presscorner/detail/en/speech_06_11,2006-01-18,9767,18,,"The H5N1 virus did not spare Europe and has already spread into Romania , a country which will join the EU in the near future , as well as Croatia and Turkey , which are EU candidate countries .",0,,
197,https://ec.europa.eu/commission/presscorner/detail/en/speech_06_375,2006-06-14,912,11,,"Last October , the EU heads of States and Government at Hampton Court have called for a more coordinated approach in Europe on energy policy .",0,,
198,https://ec.europa.eu/commission/presscorner/detail/en/speech_24_1424,2024-03-12,13333,73,,"For that , it is essential to have clarity on who owns the risks , so that we can actually act effectively .",0,,
199,https://ec.europa.eu/commission/presscorner/detail/en/speech_02_161,2002-04-17,9250,18,,for having provided us with such an excellent platform for discussion not only here this week but for years to come when we all will be much more focussing on children 's environment and health .,0,,
200,https://ec.europa.eu/commission/presscorner/detail/en/speech_06_59,2006-02-03,1513,99,,"Within the EU we need to maintain a more sustained , open dialogue with the public on our external policy .",0,,
201,https://ec.europa.eu/commission/presscorner/detail/en/speech_12_886,2012-11-28,1627,104,,"Two years ago , most Europeans saw themselves as just being of their nationality – whatever it may be .",0,,
202,https://ec.europa.eu/commission/presscorner/detail/en/speech_10_640,2010-11-10,7085,61,,They are challenges and key to solutions at the same time .,0,,
203,https://ec.europa.eu/commission/presscorner/detail/en/speech_97_114,1997-05-22,23639,43,,"Within Europe , we are also faced with threats to the health of our forests , although the situation has improved thanks to decisive action against acidification .",0,,
204,https://ec.europa.eu/commission/presscorner/detail/en/speech_12_137,2012-02-29,7386,40,,Why not ?,0,,
205,https://ec.europa.eu/commission/presscorner/detail/en/speech_18_6768,2018-12-11,14452,28,,Your clear political push will be indispensable to generate the ambition needed .,0,,
206,https://ec.europa.eu/commission/presscorner/detail/en/speech_03_601,2003-12-09,26022,23,,But it is nevertheless quite clear that positive sentiment towards the EU has fallen significantly this year and is at its lowest level in Italy and France since the eurobarometer series began .,0,,
207,https://ec.europa.eu/commission/presscorner/detail/en/speech_12_499,2012-06-26,6561,43,,"Sustaining air quality should not only be seen as an environmental objective , it should also be seen as an economic opportunity .",0,,
208,https://ec.europa.eu/commission/presscorner/detail/en/speech_16_4937,2016-05-03,9025,76,,"I hope that , with your help , this list of examples will continue to grow .",0,,
209,https://ec.europa.eu/commission/presscorner/detail/en/speech_05_387,2005-06-12,28424,56,,"If I , as a Commissioner , help German films to be shown in international Film Festivals and be sold outside of Germany ( the major export success – generating millions of Euros and many jobs - of German film were all helped by the European Media Programme ) , this is not worth one single line in a German paper .",0,,
210,https://ec.europa.eu/commission/presscorner/detail/en/speech_08_9,2008-01-14,11302,95,,I 'm sure there were also reticent voices in Australia when the central bank decided to halve interchange fees for credit cards .,0,,
211,https://ec.europa.eu/commission/presscorner/detail/en/speech_02_413,2002-09-20,10507,100,,"What people are looking for , when they get on - line , are contents , services and applications which they enjoy , which simplify and improve their lives .",0,,
212,https://ec.europa.eu/commission/presscorner/detail/en/speech_20_2702,2020-05-14,22699,68,,"But I was told by my father , that I would be never able to cross the border .",0,,
213,https://ec.europa.eu/commission/presscorner/detail/en/speech_17_5916,2017-11-16,1574,22,,"And yet , the public do not understand what the bioeconomy is .",0,,
214,https://ec.europa.eu/commission/presscorner/detail/en/speech_09_529,2009-11-13,26785,45,,Resilient and diverse eco- systems are also essential if we are to guarantee reliable and stable long term food production .,0,,
215,https://ec.europa.eu/commission/presscorner/detail/en/speech_22_8041,2022-03-07,28550,43,,And citizens are at the heart of the Conference process .,0,,
216,https://ec.europa.eu/commission/presscorner/detail/en/speech_90_58,1990-07-06,25867,50,,EXPERIENCE SHOWS THE METHODOLOGY USED FOR ECONOMIC INTEGRATION HAS BEEN MUCH MORE EFFICIENT THAT THE INTERGOVERNMENTAL PROCESS USED IN THE FRAMEWORK OF POLITICAL COOPERATION .,0,,
217,https://ec.europa.eu/commission/presscorner/detail/en/speech_95_146,1995-07-10,25878,35,,"Finally , it means recognising that Europe is the best vehicle for our ambitions , and not glancing over our shoulders at possible alternative relationships .",0,,
218,https://ec.europa.eu/commission/presscorner/detail/en/speech_24_612,2024-02-01,8318,45,,This was a game changer .,0,,
219,https://ec.europa.eu/commission/presscorner/detail/en/speech_95_117,1995-06-09,591,1,,I am very pleased to have this opportunity just 5 months into the new European Commission 's mandate to join you in considering Transport priorities for Europe over the next 25 years .,0,,
220,https://ec.europa.eu/commission/presscorner/detail/en/speech_03_61,2003-02-06,12631,21,,SIA studies were conceived as a key component of the machinery that would enable us to do this .,0,,
221,https://ec.europa.eu/commission/presscorner/detail/en/speech_15_6840,2015-06-17,157,115,,I believe that we can make it possible for new firms and old firms can co-exist .,0,,
222,https://ec.europa.eu/commission/presscorner/detail/en/speech_20_2968,2020-10-05,23694,33,,"We have an interest in placing hydrogen high on the agenda of the structured energy dialogue with countries including the US , Japan , South Korea , while strengthening our engagement in the major multilateral initiatives , such as the International Partnership for Hydrogen in the Economy , the Clean Energy Ministerial and Mission Innovation .",0,,
223,https://ec.europa.eu/commission/presscorner/detail/en/speech_93_89,1993-09-09,23629,13,,"Art and culture can make coexistence between men and women who have distinct and very diverse cultural identities but who share a common cultural heritage , a happier , more enriching experience .",0,,
224,https://ec.europa.eu/commission/presscorner/detail/en/speech_13_283,2013-04-05,26152,7,,The truth is that nature does not need mankind – but mankind can not advance without nature .,0,,
225,https://ec.europa.eu/commission/presscorner/detail/en/speech_89_24,1989-04-06,584,54,,"In this context , the recent opening of a Korean mission to the European Community in Brussels and the inauguration this morning of the Commission delegation in Seoul mark a new phase in our relations .",0,,
226,https://ec.europa.eu/commission/presscorner/detail/en/speech_19_7140,2019-06-07,27733,6,,"The power and diversity of hybrid warfare will continue to increase , challenging security and governance systems .",0,,
227,https://ec.europa.eu/commission/presscorner/detail/en/speech_20_1262,2020-07-02,26613,4,,"However , after four days of discussions , serious divergences remain .",0,,
228,https://ec.europa.eu/commission/presscorner/detail/en/speech_99_77,1999-05-12,24326,64,,"It would be in line with the aims of the Directive , which is not intended to cover interest paid to institutional investors .",0,,
229,https://ec.europa.eu/commission/presscorner/detail/en/speech_06_82,2006-02-14,28488,54,,The message is clear : the vast majority of companies recognised a long time ago the economic benefit of investing in staff diversity .,0,,
230,https://ec.europa.eu/commission/presscorner/detail/en/speech_00_123,2000-04-06,1239,97,,It is also the area where institutional changes have been the most rapid and spectacular with the Maastricht and Amsterdam Treaties .,0,,
231,https://ec.europa.eu/commission/presscorner/detail/en/speech_12_803,2012-11-12,26773,37,,For this reason the second round of peer reviews with regard to their compliance with the Code of Practice will be launched within the ESS .,0,,
232,https://ec.europa.eu/commission/presscorner/detail/en/speech_98_75,1998-04-17,5737,14,,"A lot more complicated than joining , for example , TO .",0,,
233,https://ec.europa.eu/commission/presscorner/detail/en/speech_08_682,2008-12-04,4177,71,,This idea is already taking shape in some Member States .,0,,
234,https://ec.europa.eu/commission/presscorner/detail/en/speech_16_5064,2016-06-01,13510,74,,We also need to measure the impact of the EU 's investment as well as its leveraging effect at national and regional level .,0,,
235,https://ec.europa.eu/commission/presscorner/detail/en/speech_90_34,1990-04-25,24381,212,,"However , sound political relations with the Soviet Union are only feasible in the longer term .",0,,
236,https://ec.europa.eu/commission/presscorner/detail/en/speech_14_347,2014-04-30,4992,25,,"But in the effort to develop women 's football seriously and effectively , to challenge the high drop - out of girls , there is a need to look beyond the numbers and address some of the root causes .",0,,
237,https://ec.europa.eu/commission/presscorner/detail/en/speech_14_462,2014-06-13,24841,143,,"I want to say very clearly that this agreement is perfectly compatible , with any free trade agreement Georgia currently has or may wish to have in the future .",0,,
238,https://ec.europa.eu/commission/presscorner/detail/en/speech_04_510,2004-12-02,12879,49,,"I have one particular message for some in Washington who tend to dismiss Europe : a successful relationship between Europe and America , which is our common interest , requires a strong Europe , not a weak and divided one .",0,,
239,https://ec.europa.eu/commission/presscorner/detail/en/speech_11_543,2011-08-29,11540,40,,"We have called on the euro- area member states to accelerate the approval procedures for the implementation of these decisions , so as to make the EFSF enhancements operational very soon .",0,,
240,https://ec.europa.eu/commission/presscorner/detail/en/speech_07_87,2007-02-19,11308,35,,"Much of this can be explained by obvious differences between countries – such as different languages , laws and tax systems .",0,,
241,https://ec.europa.eu/commission/presscorner/detail/en/speech_13_113,2013-02-09,15514,11,,A specialised degree has never been as important as now .,0,,
242,https://ec.europa.eu/commission/presscorner/detail/en/speech_92_41,1992-04-23,637,31,,"The short - hand names of the quarrels - "" canned fruit "" "" citrus pasta "" "" twenty - four six "" "" the hormones dispute "" "" the soya panel "" - obscure to most of us , speak volumes to the initiated .",0,,
243,https://ec.europa.eu/commission/presscorner/detail/en/speech_06_318,2006-05-19,9361,78,,We are also working for a fairer rules - based system of world trade that will benefit the world 's poorest countries .,0,,
244,https://ec.europa.eu/commission/presscorner/detail/en/speech_18_3382,2018-02-15,2586,3,,"Of course , national security is and remains , first and foremost , a national matter , for which governments are responsible .",0,,
245,https://ec.europa.eu/commission/presscorner/detail/en/speech_10_54,2010-03-02,10125,17,,It 's worth taking a step back .,0,,
246,https://ec.europa.eu/commission/presscorner/detail/en/speech_11_642,2011-10-07,9852,14,,"In view of the EU 's commitments , as well as the history and geography of the region , ‘ unfinished business ' will remain until the whole of the Western Balkans are included , once the conditions are met .",0,,
247,https://ec.europa.eu/commission/presscorner/detail/en/speech_10_396,2010-07-19,9129,6,,"We need to keep investing in research and innovation not despite the crisis , not despite the fiscal problems we face , but because of those challenges .",0,,
248,https://ec.europa.eu/commission/presscorner/detail/en/speech_22_6747,2022-11-09,11978,9,,It will support and steer companies as they make the transition to more sustainable business models and a more sustainable economy .,0,,
249,https://ec.europa.eu/commission/presscorner/detail/en/speech_00_383,2000-10-18,27425,60,,"The introduction of the single currency , the Euro , has woken our Asian partners up to the importance of an integrated Europe as a political and foreign policy partner as well as a huge single market and one which will grow from 370 million to 500 million consumers after the new central and eastern European members have joined .",0,,
250,https://ec.europa.eu/commission/presscorner/detail/en/speech_08_410,2008-09-08,9608,9,,China is leap - frogging its way up the league table of the largest economies .,0,,
251,https://ec.europa.eu/commission/presscorner/detail/en/speech_03_42,2003-02-03,12803,57,,"As long ago as 1989 , the European Community and the member countries of the Gulf Co-operation Council ( GCC ) concluded a Co-operation Agreement .",0,,
252,https://ec.europa.eu/commission/presscorner/detail/en/speech_20_1973,2020-10-22,24986,27,,"Ladies and gentlemen , Climate change and biodiversity loss are happening before our eyes .",0,,
253,https://ec.europa.eu/commission/presscorner/detail/en/speech_14_500,2014-06-25,14351,14,,"For the EU , these signatures will be a solemn commitment to accompany Georgia the Republic of Moldova and Ukraine each step of the way along the road of transforming their countries into stable , prosperous democracies .",0,,
254,https://ec.europa.eu/commission/presscorner/detail/en/speech_13_636,2013-07-12,15871,131,,The debate on the UK 's relationship with the EU has a long way to run .,0,,
255,https://ec.europa.eu/commission/presscorner/detail/en/speech_91_70,1991-06-06,25831,3,,"The enlargement of the Community in 1986 to include Spain and Portugal , together with the 1992 programme , obliged the Community to underake a fundamental review of its institutions , financing and policies .",0,,
256,https://ec.europa.eu/commission/presscorner/detail/en/speech_13_857,2013-10-25,15434,45,,"National courts play a crucial role in enforcing EU competition law , intellectual property law , public procurement and consumer legislation , all areas which are essential for the Single Market .",0,,
257,https://ec.europa.eu/commission/presscorner/detail/en/speech_23_3349,2023-06-19,24072,13,,"Over the past 10 years , the EU private sector has made available more than 1 billion euro in investments in Kenya .",0,,
258,https://ec.europa.eu/commission/presscorner/detail/en/speech_87_35,1987-05-24,437,50,,One may only arrive at valid decisions provided that they are underwritten totally by all Member states .,0,,
259,https://ec.europa.eu/commission/presscorner/detail/en/speech_96_325,1996-12-09,4684,13,,"As we speak here today , a savage war is being fought in that part of the world by troops and militias without uniforms and without flags .",0,,
260,https://ec.europa.eu/commission/presscorner/detail/en/speech_97_126,1997-06-02,4156,39,,The Inter - Governmental Conference will be an essential step in this process .,0,,
261,https://ec.europa.eu/commission/presscorner/detail/en/speech_15_7943,2015-05-01,6392,74,,Ireland is the global technology hub of choice for the strategic business activities of ICT companies .,0,,
262,https://ec.europa.eu/commission/presscorner/detail/en/speech_22_2187,2022-04-08,10957,6,,Thank you .,0,,
263,https://ec.europa.eu/commission/presscorner/detail/en/speech_23_2315,2021-06-22,8128,119,,I recently met COP President Alok Sharma in Brussels where we discussed our shared goals .,0,,
264,https://ec.europa.eu/commission/presscorner/detail/en/speech_96_336,1996-12-18,24727,2,,"There are , however , two ways of treating that reality .",0,,
265,https://ec.europa.eu/commission/presscorner/detail/en/speech_08_7,2008-01-12,7968,12,,I am confident that it marks the start of even greater success in the future .,0,,
266,https://ec.europa.eu/commission/presscorner/detail/en/speech_08_694,2008-12-09,9604,34,,"And as I prepare to go to Geneva in a few days , what we have on the table in the Doha Round with regard to sugar is very encouraging : Sugar would be covered by the Special Safeguard Clause as applicable today for another 7 years .",0,,
267,https://ec.europa.eu/commission/presscorner/detail/en/speech_12_561,2012-07-17,6870,5,,"Although Microsoft submitted in a report to the Commission in December last year that the choice screen was still present , we have received indications from third parties that Microsoft has not complied with its commitments in the period from February 2011 until today .",0,,
268,https://ec.europa.eu/commission/presscorner/detail/en/speech_06_486,2006-09-11,7046,27,,"Furthermore , China is on track to match the research intensity of the EU by 2013 .",0,,
269,https://ec.europa.eu/commission/presscorner/detail/en/speech_22_8256,2022-10-18,2391,74,,Giving stronger support to Member States .,0,,
270,https://ec.europa.eu/commission/presscorner/detail/en/speech_16_3087,2016-09-16,25471,24,,"For example , the European Commission supports Ukraine through its Macro- Financial Assistance instrument , for a total of € 3.41 billion , through three consecutive programmes of low interest loans , conditional to reforms .",0,,
271,https://ec.europa.eu/commission/presscorner/detail/en/speech_00_315,2000-09-18,9724,64,,"This concern is a common one when looking at internet - related markets , given that vertical integration the presence of the same companies on upstream and downstream markets is common .",0,,
272,https://ec.europa.eu/commission/presscorner/detail/en/speech_12_707,2012-10-09,799,100,,I am convinced that turning the Agenda for Change into action on the ground will provide better and more visible value for money for EU taxpayers .,0,,
273,https://ec.europa.eu/commission/presscorner/detail/en/speech_09_411,2009-09-24,11492,49,,This is where we can really make a difference .,0,,
274,https://ec.europa.eu/commission/presscorner/detail/en/speech_20_1697,2020-09-18,14473,7,,"Not for the first time , and likely not the last .",0,,
275,https://ec.europa.eu/commission/presscorner/detail/en/speech_05_438,2005-07-13,24500,119,,"Of course , we must use this soft power in manageable doses , so that it respects the absorption capacity of the EU , and the capacity of the candidates to meet strict conditions .",0,,
276,https://ec.europa.eu/commission/presscorner/detail/en/speech_02_564,2002-11-12,13143,52,,"Beyond the direct response to humanitarian needs in crisis situations , ECHO works at reducing vulnerability in high risk natural disaster prone areas .",0,,
277,https://ec.europa.eu/commission/presscorner/detail/en/speech_22_8295,2022-11-22,23922,6,,"Moreover , on 9 November , the European Commission proposed an unprecedented financial support package for Ukraine of up to 18 billion EUR to help Ukraine cover a significant part of its short - term funding needs for 2023 .",0,,
278,https://ec.europa.eu/commission/presscorner/detail/en/speech_13_29,2013-01-18,26262,21,,I have therefore proposed a differentiated approach rather than a blunt approach .,0,,
279,https://ec.europa.eu/commission/presscorner/detail/en/speech_95_112,1995-06-06,9873,15,,Competing in Japan means competing in the world 's most innovative market .,0,,
280,https://ec.europa.eu/commission/presscorner/detail/en/speech_86_12,1986-11-21,24621,19,,But - today we must do .,0,,
281,https://ec.europa.eu/commission/presscorner/detail/en/speech_22_2427,2022-04-12,14483,11,,"We have started looking into technologies that are currently only in the demonstration or prototype phase , while focusing on five sectors that represent the largest sources of greenhouse gas emissions in Europe – agriculture ; construction ; energy ; energy - intensive industries ; and transport .",0,,
282,https://ec.europa.eu/commission/presscorner/detail/en/speech_90_82,1990-10-31,6198,67,,"J'AI , PAR EXEMPLE , PROPOSÉ QUE SOIT RETENU UN TAUX D'ACCISES PLUS FAIBLE POUR L'ESSENCE SANS PLOMB , QUI EST UN CARBURANT MOINS POLLUANT .",0,,
283,https://ec.europa.eu/commission/presscorner/detail/en/speech_12_272,2012-04-17,1738,4,,"We all want , above everything , the violence and killings to stop and we are all extremely concerned by the potential for further militarization and escalation of the conflict .",0,,
284,https://ec.europa.eu/commission/presscorner/detail/en/speech_15_6712,2015-05-18,11048,10,,But I want to reinforce this trust further .,0,,
285,https://ec.europa.eu/commission/presscorner/detail/en/speech_22_1506,2022-03-02,14205,44,,"But , in view of the uncertainty , we will re-assess this in spring .",0,,
286,https://ec.europa.eu/commission/presscorner/detail/en/speech_01_275,2001-06-11,9728,69,,Keeping Retail Markets Open,0,,
287,https://ec.europa.eu/commission/presscorner/detail/en/speech_22_7992,2022-02-04,12048,19,,"Europe 's Plan on cancer aims to strip away the worry that comes with a cancer diagnosis , and replace it with hope , support and access to effective treatment and care .",0,,
288,https://ec.europa.eu/commission/presscorner/detail/en/speech_20_266,2020-02-15,8711,44,,The benefits might be less visible in the short term .,0,,
289,https://ec.europa.eu/commission/presscorner/detail/en/speech_23_6058,2023-11-23,23510,169,,"And as the NESC report states , there are huge challenges for Ireland and the international community in living within planetary boundaries .",0,,
290,https://ec.europa.eu/commission/presscorner/detail/en/speech_22_6208,2022-10-14,23186,17,,[ A more united Western alliance ],0,,
291,https://ec.europa.eu/commission/presscorner/detail/en/speech_07_347,2007-05-31,2125,46,,"Now , what can you expect from the conclusions of our review this autumn ?",0,,
292,https://ec.europa.eu/commission/presscorner/detail/en/speech_05_755,2005-12-02,10889,9,,"But , despite the fact that the Financial Services Action Plan has been a crucial catalyst for integration – along with the success of the euro - we can not be complacent .",0,,
293,https://ec.europa.eu/commission/presscorner/detail/en/speech_09_585,2009-12-17,1653,12,,We need to deliver this as part of a coherent EU contribution within a coordinated international response .,0,,
294,https://ec.europa.eu/commission/presscorner/detail/en/speech_16_4089,2016-11-28,12511,10,,Around half of derivatives transactions are now cleared through CCPs : almost double the amount of 2009 .,0,,
295,https://ec.europa.eu/commission/presscorner/detail/en/speech_13_484,2013-05-30,26480,25,,"Take the young generation - the generation that cares most about being connected , but who votes the least .",0,,
296,https://ec.europa.eu/commission/presscorner/detail/en/speech_15_7239,2015-11-13,27144,49,,And I hope that we will soon see projects in education up and running .,0,,
297,https://ec.europa.eu/commission/presscorner/detail/en/speech_06_71,2006-02-09,4656,59,,"At a Community level , this will also be the case .",0,,
298,https://ec.europa.eu/commission/presscorner/detail/en/speech_10_21,2010-02-17,7542,25,,I believe that our economic and social situation demands a radical shift from the status quo .,0,,
299,https://ec.europa.eu/commission/presscorner/detail/en/speech_87_74,1987-11-11,457,65,,"FOR REINSURANCE AND CO=INSURANCE , LEAST PROGRESS HAS .",0,,
300,https://ec.europa.eu/commission/presscorner/detail/en/speech_20_2644,2020-03-25,2929,33,,"And to understand how you have , or will use the available measures and tools to support your fisheries , processing and aquaculture sectors ; how effective they are , to the extent this can already be assessed ; or which difficulties you have encountered or see in using them .",0,,
